{"stats":{"minecraft:broken":{"minecraft:stone_pickaxe":2},"minecraft:used":{"minecraft:water_bucket":1,"minecraft:stone_sword":18,"minecraft:lava_bucket":4,"minecraft:stone_pickaxe":323,"minecraft:wooden_pickaxe":23,"minecraft:cobblestone_slab":425,"minecraft:rotten_flesh":3,"minecraft:torch":1,"minecraft:stone_axe":21,"minecraft:glow_berries":2,"minecraft:dirt":9,"minecraft:crafting_table":1,"minecraft:oak_sapling":2,"minecraft:bucket":2,"minecraft:ice":1},"minecraft:custom":{"minecraft:time_since_rest":54465,"minecraft:sprint_one_cm":35835,"minecraft:damage_taken":240,"minecraft:walk_one_cm":101184,"minecraft:mob_kills":3,"minecraft:damage_dealt":656,"minecraft:interact_with_crafting_table":21,"minecraft:fly_one_cm":68390,"minecraft:open_chest":35,"minecraft:crouch_one_cm":72311,"minecraft:play_time":54465,"minecraft:sneak_time":22604,"minecraft:walk_under_water_one_cm":5913,"minecraft:jump":282,"minecraft:leave_game":3,"minecraft:walk_on_water_one_cm":640,"minecraft:time_since_death":54465,"minecraft:climb_one_cm":298,"minecraft:total_world_time":54465,"minecraft:fall_one_cm":743},"minecraft:crafted":{"minecraft:oak_planks":24,"minecraft:cobblestone_slab":414,"minecraft:crafting_table":1,"minecraft:stick":12,"minecraft:wooden_pickaxe":1,"minecraft:stone_pickaxe":3,"minecraft:stone_sword":1,"minecraft:stone_axe":1},"minecraft:picked_up":{"minecraft:stick":1,"minecraft:torch":1,"minecraft:dandelion":1,"minecraft:dripstone_block":9,"minecraft:sand":17,"minecraft:oak_log":20,"minecraft:pointed_dripstone":2,"minecraft:carrot":1,"minecraft:dirt":60,"minecraft:cactus":3,"minecraft:rotten_flesh":3,"minecraft:wheat_seeds":3,"minecraft:cobblestone_slab":11,"minecraft:azalea":3,"minecraft:rooted_dirt":1,"minecraft:poppy":1,"minecraft:oak_sapling":1,"minecraft:moss_block":8,"minecraft:glow_berries":2,"minecraft:flowering_azalea":1,"minecraft:cobblestone":243},"minecraft:mined":{"minecraft:cactus":1,"minecraft:ice":1,"minecraft:dandelion":1,"minecraft:flowering_azalea_leaves":1,"minecraft:cave_vines":4,"minecraft:short_grass":3,"minecraft:pointed_dripstone":2,"minecraft:grass_block":31,"minecraft:oak_log":20,"minecraft:poppy":1,"minecraft:cobblestone_slab":28,"minecraft:dripstone_block":9,"minecraft:sand":18,"minecraft:dirt":31,"minecraft:azalea_leaves":6,"minecraft:cobblestone":295,"minecraft:moss_block":8,"minecraft:oak_leaves":14,"minecraft:rooted_dirt":1},"minecraft:killed":{"minecraft:zombie":3}},"DataVersion":3839}